"Informazioni cronologiche","Quanto pensi sia utile Laboratorio di Sistemi a Microcontrollore?","Quanto pensi sia utile Programmazione Mobile?","Quanto pensi sia utile Informatica Musicale?","Quanto pensi sia utile IT Law?","Quanto pensi sia utile Programmazione Parallela su Architetture GPU?","Quanto pensi sia utile Startup d'Impresa e Modelli di Business?","Quanto pensi sia utile Social Media Management?","Quanto pensi sia utile Calcolo Numerico?","Quanto pensi sia utile Sviluppo di Giochi Digitali?","Quanto pensi sia utile Sistemi Centrali?","Quanto pensi sia utile Web Programming, Design & Usability?","Quanto pensi sia utile Introduzione al Data Mining?","Quanto pensi sia utile Computer Grafica?","Quanto pensi sia utile Digital Forensics?","Quanto pensi sia utile Tecnologie per i sistemi Distribuiti e il Web e Laboratorio?","Quanto pensi sia utile Internet Security?","Quanto pensi sia utile Technologies for Advanced Programming?"
"2021/02/17 10:02:10 PM CET","4","1","4","3","3","3","5","2","2","2","5","","","","","",""
"2021/02/17 10:17:40 PM CET","2","5","0","2","4","1","","0","0","2","4","4","1","1","2","1","5"
"2021/02/17 10:22:43 PM CET","0","5","0","0","0","4","5","0","0","0","5","5","0","5","0","0","0"
"2021/02/17 10:24:29 PM CET","5","4","3","2","4","3","4","4","4","5","4","5","4","5","4","5","4"
"2021/02/17 10:28:32 PM CET","2","4","2","3","2","4","4","0","3","3","5","5","2","2","5","5","3"
"2021/02/17 11:21:52 PM CET","0","3","0","0","0","1","1","0","3","0","5","0","1","0","5","5","3"
"2021/02/17 11:38:56 PM CET","5","5","5","3","5","2","5","4","5","5","5","4","5","5","5","5","5"
"2021/02/17 11:58:36 PM CET","","4","","3","4","2","4","3","2","","4","3","3","3","4","5","5"
"2021/02/18 9:52:36 AM CET","","5","","","5","","3","","5","5","5","5","5","5","5","5","5"